<?xml version="1.0" encoding="UTF-8"?>
<project-private xmlns="http://www.netbeans.org/ns/project-private/1">
    <editor-bookmarks xmlns="http://www.netbeans.org/ns/editor-bookmarks/2" lastBookmarkId="0"/>
    <open-files xmlns="http://www.netbeans.org/ns/projectui-open-files/2">
        <group>
            <file>file:/home/a15013/NetBeansProjects/JavaApplication1/src/hotelaula/Data.java</file>
            <file>file:/home/a15013/NetBeansProjects/JavaApplication1/src/hotelaula/Hotel.java</file>
            <file>file:/home/a15013/NetBeansProjects/JavaApplication1/src/hotelaula/Teste.java</file>
            <file>file:/home/a15013/NetBeansProjects/JavaApplication1/src/hotelaula/testehospede.java</file>
            <file>file:/home/a15013/NetBeansProjects/JavaApplication1/src/hotelaula/Hospede.java</file>
        </group>
    </open-files>
</project-private>
